Model,MAE,R2 Score
Linear Regression,18.408638149576078,0.021166576957948435
Random Forest,10.560287099773243,0.5520451070030663
XGBoost,16.948226928710938,0.1331668496131897
