Model,MAE,R2 Score
Linear Regression,18.31236001641066,0.022176963273616956
