Model,MAE,R2 Score
Random Forest,10.598243311404943,0.5472814498601075
