Model,MAE,R2 Score
XGBRegressor,16.860105514526367,0.13329100608825684
